{
  "generated_at": "2026-02-28T22:58:11.934917",
  "total_benchmarks": 14,
  "metrics": {
    "Throughput": {
      "mean": 5166823.514999712,
      "median": 5427707.19245683,
      "std": 1917437.5746953716,
      "min": 2094380.4262948176,
      "max": 8397518.341583887,
      "p95": 7530269.080530431,
      "p99": 8224068.489373195
    },
    "Memory": {
      "mean": 4.488852312053527,
      "median": 4.128752698673682,
      "std": 1.6192331587518094,
      "min": 2.1837740455184584,
      "max": 7.454506950948245,
      "p95": 7.156880447297577,
      "p99": 7.394981650218111
    },
    "Latency": {
      "mean": 1.2810694001430658,
      "median": 1.0516091610021014,
      "std": 0.9541424192330594,
      "min": 0.231174972346119,
      "max": 2.995553615776207,
      "p95": 2.847229705891899,
      "p99": 2.965888833799345
    },
    "Scalability": {
      "mean": 80.58028179407144,
      "median": 79.28902083041727,
      "std": 7.2850169257778745,
      "min": 71.22539486603722,
      "max": 93.21954772382298,
      "p95": 92.80145874906512,
      "p99": 93.1359299288714
    },
    "Recovery": {
      "mean": 75.55120378352822,
      "median": 66.18001407612465,
      "std": 45.361740213462646,
      "min": 25.299303985556,
      "max": 144.50969427590957,
      "p95": 142.96729067027658,
      "p99": 144.20121355478295
    }
  },
  "performance_assessment": {
    "excellent": 8,
    "good": 4,
    "needs_improvement": 2
  }
}